<root>
  <row>
    <ORDID>1001</ORDID>
    <ORDAT>01.09.2023</ORDAT>
    <REQDAT>30.09.2023</REQDAT>
    <CUSTID>101</CUSTID>
    <MATID>M100</MATID>
    <EMPID>E101</EMPID>
    <ORDQTY>100</ORDQTY>
    <_0UNIT>EA</_0UNIT>
    <PRICE>300</PRICE>
    <_0CURRENCY>USD</_0CURRENCY>
    <CALYEAR>2023</CALYEAR>
	<STATUS>NO</STATUS>
  </row>
  <row>
    <ORDID>1002</ORDID>
    <ORDAT>01.09.2023</ORDAT>
    <REQDAT>10.09.2023</REQDAT>
    <CUSTID>100</CUSTID>
    <MATID>M102</MATID>
    <EMPID>E102</EMPID>
    <ORDQTY>300</ORDQTY>
    <_0UNIT>EA</_0UNIT>
    <PRICE>200</PRICE>
    <_0CURRENCY>USD</_0CURRENCY>
    <CALYEAR>2023</CALYEAR>
	<STATUS>NO</STATUS>
  </row>
  <row>
    <ORDID>1003</ORDID>
    <ORDAT>01.10.2023</ORDAT>
    <REQDAT>12.10.2023</REQDAT>
    <CUSTID>102</CUSTID>
    <MATID>M103</MATID>
    <EMPID>E103</EMPID>
    <ORDQTY>100</ORDQTY>
    <_0UNIT>EA</_0UNIT>
    <PRICE>150</PRICE>
    <_0CURRENCY>AUD</_0CURRENCY>
    <CALYEAR>2023</CALYEAR>
	<STATUS>NO</STATUS>
  </row>
  <row>
    <ORDID>1004</ORDID>
    <ORDAT>01.09.2023</ORDAT>
    <REQDAT>21.10.2023</REQDAT>
    <CUSTID>105</CUSTID>
    <MATID>M102</MATID>
    <EMPID>E104</EMPID>
    <ORDQTY>200</ORDQTY>
    <_0UNIT>EA</_0UNIT>
    <PRICE>300</PRICE>
    <_0CURRENCY>AUD</_0CURRENCY>
    <CALYEAR>2023</CALYEAR>
	<STATUS>NO</STATUS>
  </row>
  <row>
    <ORDID>1005</ORDID>
    <ORDAT>01.09.2023</ORDAT>
    <REQDAT>10.09.2023</REQDAT>
    <CUSTID>103</CUSTID>
    <MATID>M105</MATID>
    <EMPID>E105</EMPID>
    <ORDQTY>200</ORDQTY>
    <_0UNIT>EA</_0UNIT>
    <PRICE>250</PRICE>
    <_0CURRENCY>USD</_0CURRENCY>
    <CALYEAR>2023</CALYEAR>
	<STATUS>NO</STATUS>
  </row>
  <row>
    <ORDID>1006</ORDID>
    <ORDAT>01.09.2022</ORDAT>
    <REQDAT>20.11.2022</REQDAT>
    <CUSTID>102</CUSTID>
    <MATID>M103</MATID>
    <EMPID>E106</EMPID>
    <ORDQTY>200</ORDQTY>
    <_0UNIT>EA</_0UNIT>
    <PRICE>150</PRICE>
    <_0CURRENCY>USD</_0CURRENCY>
    <CALYEAR>2022</CALYEAR>
	<STATUS>NO</STATUS>
  </row>
  <row>
    <ORDID>1007</ORDID>
    <ORDAT>01.09.2022</ORDAT>
    <REQDAT>15.10.2022</REQDAT>
    <CUSTID>100</CUSTID>
    <MATID>M102</MATID>
    <EMPID>E107</EMPID>
    <ORDQTY>400</ORDQTY>
    <_0UNIT>EA</_0UNIT>
    <PRICE>300</PRICE>
    <_0CURRENCY>USD</_0CURRENCY>
    <CALYEAR>2022</CALYEAR>
	<STATUS>NO</STATUS>
  </row>
  <row>
    <ORDID>1008</ORDID>
    <ORDAT>01.09.2023</ORDAT>
    <REQDAT>05.10.2023</REQDAT>
    <CUSTID>101</CUSTID>
    <MATID>M101</MATID>
    <EMPID>E107</EMPID>
    <ORDQTY>100</ORDQTY>
    <_0UNIT>EA</_0UNIT>
    <PRICE>200</PRICE>
    <_0CURRENCY>USD</_0CURRENCY>
    <CALYEAR>2023</CALYEAR>
	<STATUS>NO</STATUS>
  </row>
  <row>
    <ORDID>1009</ORDID>
    <ORDAT>01.09.2023</ORDAT>
    <REQDAT>20.12.2023</REQDAT>
    <CUSTID>102</CUSTID>
    <MATID>M100</MATID>
    <EMPID>E108</EMPID>
    <ORDQTY>200</ORDQTY>
    <_0UNIT>EA</_0UNIT>
    <PRICE>200</PRICE>
    <_0CURRENCY>EUR</_0CURRENCY>
    <CALYEAR>2023</CALYEAR>
	<STATUS>NO</STATUS>
  </row>
  <row>
    <ORDID>1010</ORDID>
    <ORDAT>01.09.2023</ORDAT>
    <REQDAT>20.10.2023</REQDAT>
    <CUSTID>102</CUSTID>
    <MATID>M106</MATID>
    <EMPID>E109</EMPID>
    <ORDQTY>300</ORDQTY>
    <_0UNIT>EA</_0UNIT>
    <PRICE>300</PRICE>
    <_0CURRENCY>AUD</_0CURRENCY>
    <CALYEAR>2023</CALYEAR>
	<STATUS>NO</STATUS>
  </row>
  <row>
    <ORDID>1011</ORDID>
    <ORDAT>01.09.2023</ORDAT>
    <REQDAT>25.10.2023</REQDAT>
    <CUSTID>102</CUSTID>
    <MATID>M106</MATID>
    <EMPID>E110</EMPID>
    <ORDQTY>300</ORDQTY>
    <_0UNIT>EA</_0UNIT>
    <PRICE>300</PRICE>
    <_0CURRENCY>AUD</_0CURRENCY>
    <CALYEAR>2023</CALYEAR>
	<STATUS>NO</STATUS>
  </row>
  <row>
    <ORDID>1012</ORDID>
    <ORDAT>01.09.2022</ORDAT>
    <REQDAT>15.10.2022</REQDAT>
    <CUSTID>102</CUSTID>
    <MATID>M106</MATID>
    <EMPID>E111</EMPID>
    <ORDQTY>300</ORDQTY>
    <_0UNIT>EA</_0UNIT>
    <PRICE>300</PRICE>
    <_0CURRENCY>AUD</_0CURRENCY>
    <CALYEAR>2022</CALYEAR>
	<STATUS>YES</STATUS>
  </row>
</root>